"BENCHMARKALTITUDE","BENCHMARKID","BENCHMARKLATITUDE","BENCHMARKLONGITUDE","DRONEALTITUDE","DRONELATITUDE","DRONELONGITUDE","UPDATETIMESTAMP"
"13.87","37427597","-45.862702947","170.516603897","0.0","-45.86265995029916","170.51663662035008","1754452309144"
"13.87","37427597","-45.862702947","170.516603897","0.0","-45.86265995388297","170.5166365984232","1754452309303"
"13.87","37427597","-45.862702947","170.516603897","0.0","-45.86265997208385","170.51663650796635","1754452309523"
"13.87","37427597","-45.862702947","170.516603897","0.0","-45.86266001853187","170.51663627757128","1754452309693"
"13.87","37427597","-45.862702947","170.516603897","0.0","-45.8626601117875","170.5166358149021","1754452309921"
"13.87","37427597","-45.862702947","170.516603897","0.0","-45.86266026148918","170.51663504736908","1754452310132"
"13.87","37427597","-45.862702947","170.516603897","0.0","-45.86266046816082","170.5166339661393","1754452310321"
"13.87","37427597","-45.862702947","170.516603897","0.0","-45.86266073800708","170.5166326178377","1754452310533"
"13.87","37427597","-45.862702947","170.516603897","0.0","-45.86266104549166","170.51663109308976","1754452310696"
"13.87","37427597","-45.862702947","170.516603897","0.0","-45.86266136146772","170.51662952145958","1754452310921"
"13.87","37427597","-45.862702947","170.516603897","0.0","-45.862661686395725","170.5166280463757","1754452311156"
"13.87","37427597","-45.862702947","170.516603897","0.0","-45.8626619948038","170.5166268264657","1754452311321"
"13.87","37427597","-45.862702947","170.516603897","0.0","-45.86266224993205","170.51662591052525","1754452311533"
"13.87","37427597","-45.862702947","170.516603897","0.0","-45.86266244360263","170.51662519307268","1754452311711"
"13.87","37427597","-45.862702947","170.516603897","0.0","-45.8626625823449","170.51662461519626","1754452311925"
"13.87","37427597","-45.862702947","170.516603897","0.0","-45.86266269467577","170.51662415402015","1754452312144"
"13.87","37427597","-45.862702947","170.516603897","0.0","-45.86266279453446","170.5166237671374","1754452312315"
"13.87","37427597","-45.862702947","170.516603897","0.0","-45.86266286319172","170.5166234495056","1754452312533"
"13.87","37427597","-45.862702947","170.516603897","0.0","-45.862662918659076","170.51662317469294","1754452312693"
"13.87","37427597","-45.862702947","170.516603897","0.0","-45.86266295241158","170.5166229633746","1754452312913"
"13.87","37427597","-45.862702947","170.516603897","0.0","-45.86266300252432","170.5166227555978","1754452313131"
"13.87","37427597","-45.862702947","170.516603897","0.0","-45.86266306511831","170.51662255983555","1754452313304"
"13.87","37427597","-45.862702947","170.516603897","0.0","-45.86266312986449","170.51662238635706","1754452313523"
"13.87","37427597","-45.862702947","170.516603897","0.0","-45.862663197474184","170.51662222770415","1754452313693"
"13.87","37427597","-45.862702947","170.516603897","0.0","-45.86266326806731","170.51662207673704","1754452313908"
"13.87","37427597","-45.862702947","170.516603897","0.0","-45.8626633411952","170.5166219068892","1754452314120"
"13.87","37427597","-45.862702947","170.516603897","0.0","-45.86266341674031","170.51662175029387","1754452314298"
"13.87","37427597","-45.862702947","170.516603897","0.0","-45.86266347372884","170.51662164024822","1754452314523"
"13.87","37427597","-45.862702947","170.516603897","0.0","-45.86266350687576","170.51662161785836","1754452314737"
"13.87","37427597","-45.862702947","170.516603897","0.0","-45.86266354185174","170.51662170516965","1754452314894"
"13.87","37427597","-45.862702947","170.516603897","0.0","-45.86266358782555","170.51662186806678","1754452315122"
"13.87","37427597","-45.862702947","170.516603897","0.0","-45.86266364390223","170.51662205757955","1754452315294"
"13.87","37427597","-45.862702947","170.516603897","0.0","-45.86266370832261","170.51662225369856","1754452315514"
"13.87","37427597","-45.862702947","170.516603897","0.0","-45.86266378070248","170.5166224286856","1754452315734"
"13.87","37427597","-45.862702947","170.516603897","0.0","-45.862663859343755","170.51662259245774","1754452315894"
"13.87","37427597","-45.862702947","170.516603897","0.0","-45.86266392231951","170.5166227307675","1754452316122"
"13.87","37427597","-45.862702947","170.516603897","0.0","-45.862663984454905","170.5166228347651","1754452316304"
"13.87","37427597","-45.862702947","170.516603897","0.0","-45.86266405567424","170.51662288417813","1754452316524"
"13.87","37427597","-45.862702947","170.516603897","0.0","-45.862664134804355","170.51662289750442","1754452316744"
"13.87","37427597","-45.862702947","170.516603897","0.0","-45.862664220777326","170.5166229101633","1754452316907"
"13.87","37427597","-45.862702947","170.516603897","0.0","-45.86266431273059","170.5166229093237","1754452317122"
"13.87","37427597","-45.862702947","170.516603897","0.0","-45.8626644099809","170.51662288717063","1754452317304"
"13.87","37427597","-45.862702947","170.516603897","0.0","-45.86266451172835","170.51662284549715","1754452317526"
"13.87","37427597","-45.862702947","170.516603897","0.0","-45.862664616472884","170.51662278736958","1754452317743"
"13.87","37427597","-45.862702947","170.516603897","0.0","-45.86266472325101","170.51662271488544","1754452317905"
"13.87","37427597","-45.862702947","170.516603897","0.0","-45.86266483139502","170.51662263047436","1754452318117"
"13.87","37427597","-45.862702947","170.516603897","0.0","-45.86266494077108","170.51662253666908","1754452318295"
"13.87","37427597","-45.862702947","170.516603897","0.0","-45.862665051113055","170.51662243658666","1754452318516"
"13.87","37427597","-45.862702947","170.516603897","0.0","-45.8626651397924","170.51662230890898","1754452318725"
"13.87","37427597","-45.862702947","170.516603897","0.0","-45.86266522199833","170.51662217110052","1754452318896"
"13.87","37427597","-45.862702947","170.516603897","0.0","-45.86266530798656","170.51662203405635","1754452319117"
"13.87","37427597","-45.862702947","170.516603897","0.0","-45.86266537582141","170.51662187630154","1754452319340"
"13.87","37427597","-45.862702947","170.516603897","0.0","-45.86266544108562","170.51662171458847","1754452319495"
"13.87","37427597","-45.862702947","170.516603897","0.0","-45.86266551317931","170.5166215385542","1754452319717"
"13.87","37427597","-45.862702947","170.516603897","0.0","-45.86266559103643","170.51662132061583","1754452319935"
"13.87","37427597","-45.862702947","170.516603897","0.0","-45.86266567420774","170.51662108196984","1754452320106"
"13.87","37427597","-45.862702947","170.516603897","0.0","-45.8626657616936","170.51662083625018","1754452320326"
"13.87","37427597","-45.862702947","170.516603897","0.0","-45.862665852603556","170.5166205653465","1754452320496"
"13.87","37427597","-45.862702947","170.516603897","0.0","-45.86266594685624","170.5166203087149","1754452320716"
"13.87","37427597","-45.862702947","170.516603897","0.0","-45.86266604359548","170.51662006350267","1754452320932"
"13.87","37427597","-45.862702947","170.516603897","0.0","-45.86266614221518","170.51661984168447","1754452321098"
"13.87","37427597","-45.862702947","170.516603897","0.0","-45.86266622050279","170.51661962753667","1754452321327"
"13.87","37427597","-45.862702947","170.516603897","0.0","-45.862666293578464","170.51661941110532","1754452321546"
"13.87","37427597","-45.862702947","170.516603897","0.0","-45.86266637173918","170.51661921509086","1754452321706"
"13.87","37427597","-45.862702947","170.516603897","0.0","-45.86266643312095","170.51661904628872","1754452321926"
"13.87","37427597","-45.862702947","170.516603897","0.0","-45.86266651426242","170.51661887769416","1754452322144"
"13.87","37427597","-45.862702947","170.516603897","0.0","-45.86266658799884","170.51661872105578","1754452322316"
"13.87","37427597","-45.862702947","170.516603897","0.0","-45.86266665921067","170.51661856227065","1754452322536"
"13.87","37427597","-45.862702947","170.516603897","0.0","-45.86266673710847","170.51661841378083","1754452322697"
"13.87","37427597","-45.862702947","170.516603897","0.0","-45.862666799259664","170.5166182834367","1754452322918"
"13.87","37427597","-45.862702947","170.516603897","0.0","-45.86266686089203","170.51661814598498","1754452323135"
"13.87","37427597","-45.862702947","170.516603897","0.0","-45.86266697441877","170.51661801486273","1754452323306"
"13.87","37427597","-45.862702947","170.516603897","0.0","-45.86266712889133","170.5166178979433","1754452323529"
"13.87","37427597","-45.862702947","170.516603897","0.0","-45.86266732954948","170.51661781403968","1754452323689"
"13.87","37427597","-45.862702947","170.516603897","0.0","-45.862667534817724","170.5166177457598","1754452323909"
"13.87","37427597","-45.862702947","170.516603897","0.0","-45.862667745416225","170.51661770078627","1754452324126"
"13.87","37427597","-45.862702947","170.516603897","0.0","-45.86266796829975","170.51661766180234","1754452324297"
"13.87","37427597","-45.862702947","170.516603897","0.0","-45.86266819996817","170.5166176388927","1754452324519"
"13.87","37427597","-45.862702947","170.516603897","0.0","-45.86266841621337","170.51661763759637","1754452324737"
"13.87","37427597","-45.862702947","170.516603897","0.0","-45.862668651916835","170.51661763099168","1754452324898"
"13.87","37427597","-45.862702947","170.516603897","0.0","-45.8626688995364","170.5166176086802","1754452325116"
"13.87","37427597","-45.862702947","170.516603897","0.0","-45.86266912559881","170.5166175934748","1754452325338"
"13.87","37427597","-45.862702947","170.516603897","0.0","-45.862669344754636","170.51661757183226","1754452325511"
"13.87","37427597","-45.862702947","170.516603897","0.0","-45.86266954435316","170.51661755593636","1754452325728"
"13.87","37427597","-45.862702947","170.516603897","0.0","-45.86266971742085","170.51661755299156","1754452325947"
"13.87","37427597","-45.862702947","170.516603897","0.0","-45.8626698895087","170.51661753751242","1754452326104"
"13.87","37427597","-45.862702947","170.516603897","0.0","-45.86267004480529","170.5166175240754","1754452326329"
"13.87","37427597","-45.862702947","170.516603897","0.0","-45.86267018742922","170.51661749911747","1754452326498"
"13.87","37427597","-45.862702947","170.516603897","0.0","-45.86267028780299","170.516617476806","1754452326718"
"13.87","37427597","-45.862702947","170.516603897","0.0","-45.86267036870406","170.51661746504823","1754452326940"
"13.87","37427597","-45.862702947","170.516603897","0.0","-45.86267044307174","170.51661746158825","1754452327109"
"13.87","37427597","-45.862702947","170.516603897","0.0","-45.862670513651764","170.51661746445313","1754452327322"
"13.87","37427597","-45.862702947","170.516603897","0.0","-45.862670582151075","170.5166174720051","1754452327499"
"13.87","37427597","-45.862702947","170.516603897","0.0","-45.86267064964485","170.5166174829017","1754452327708"
"13.87","37427597","-45.862702947","170.516603897","0.0","-45.86267071736243","170.5166175175476","1754452327929"
"13.87","37427597","-45.862702947","170.516603897","0.0","-45.86267078664989","170.5166175380168","1754452328141"
"13.87","37427597","-45.862702947","170.516603897","0.0","-45.86267085740447","170.51661754869505","1754452328318"
"13.87","37427597","-45.862702947","170.516603897","0.0","-45.8626709304175","170.51661753865804","1754452328529"
"13.87","37427597","-45.862702947","170.516603897","0.0","-45.86267100540415","170.51661750149177","1754452328698"
"13.87","37427597","-45.862702947","170.516603897","0.0","-45.862671082980164","170.51661746240637","1754452328919"
"13.87","37427597","-45.862702947","170.516603897","0.0","-45.862671162877824","170.51661743164644","1754452329137"
"13.87","37427597","-45.862702947","170.516603897","0.0","-45.862671245257765","170.51661740870452","1754452329309"
"13.87","37427597","-45.862702947","170.516603897","0.0","-45.86267133012106","170.51661741376373","1754452329529"
"13.87","37427597","-45.862702947","170.516603897","0.0","-45.86267139579113","170.5166174513852","1754452329748"
"13.87","37427597","-45.862702947","170.516603897","0.0","-45.862671436671626","170.51661751724157","1754452329909"
"13.87","37427597","-45.862702947","170.516603897","0.0","-45.86267147820534","170.51661760664268","1754452330128"
"13.87","37427597","-45.862702947","170.516603897","0.0","-45.86267150900679","170.51661771442934","1754452330300"
"13.87","37427597","-45.862702947","170.516603897","0.0","-45.86267154357664","170.51661781401046","1754452330530"
"13.87","37427597","-45.862702947","170.516603897","0.0","-45.86267159162661","170.5166179171331","1754452330749"
"13.87","37427597","-45.862702947","170.516603897","0.0","-45.862671630553834","170.51661803106","1754452330911"
"13.87","37427597","-45.862702947","170.516603897","0.0","-45.86267167402047","170.5166181518823","1754452331140"
"13.87","37427597","-45.862702947","170.516603897","0.0","-45.86267170947593","170.5166182571486","1754452331300"
"13.87","37427597","-45.862702947","170.516603897","0.0","-45.86267175079869","170.51661836115235","1754452331519"
"13.87","37427597","-45.862702947","170.516603897","0.0","-45.86267178569408","170.51661845091638","1754452331730"
"13.87","37427597","-45.862702947","170.516603897","0.0","-45.86267180622803","170.5166185390519","1754452331900"
"13.87","37427597","-45.862702947","170.516603897","0.0","-45.86267181537647","170.51661863487934","1754452332119"
"13.87","37427597","-45.862702947","170.516603897","0.0","-45.86267183661719","170.5166187155106","1754452332342"
"13.87","37427597","-45.862702947","170.516603897","0.0","-45.86267187823337","170.5166187734859","1754452332500"
"13.87","37427597","-45.862702947","170.516603897","0.0","-45.862671937055225","170.51661883366637","1754452332720"
"13.87","37427597","-45.862702947","170.516603897","0.0","-45.86267198899674","170.51661890536164","1754452332941"
"13.87","37427597","-45.862702947","170.516603897","0.0","-45.86267204701544","170.51661896535762","1754452333115"
"13.87","37427597","-45.862702947","170.516603897","0.0","-45.86267209775971","170.5166190277679","1754452333332"
"13.87","37427597","-45.862702947","170.516603897","0.0","-45.86267213394658","170.5166191014822","1754452333501"
"13.87","37427597","-45.862702947","170.516603897","0.0","-45.86267217942325","170.516619184843","1754452333722"
"13.87","37427597","-45.862702947","170.516603897","0.0","-45.86267222102337","170.51661925440078","1754452333931"
"13.87","37427597","-45.862702947","170.516603897","0.0","-45.86267227145923","170.51661932472283","1754452334102"
"13.87","37427597","-45.862702947","170.516603897","0.0","-45.86267233844862","170.51661938260742","1754452334320"
"13.87","37427597","-45.862702947","170.516603897","0.0","-45.862672419692366","170.51661944363212","1754452334542"
"13.87","37427597","-45.862702947","170.516603897","0.0","-45.86267251185685","170.5166194947721","1754452334701"
"13.87","37427597","-45.862702947","170.516603897","0.0","-45.86267261237948","170.51661952798935","1754452334932"
"13.87","37427597","-45.862702947","170.516603897","0.0","-45.862672697708604","170.51661954693776","1754452335151"
"13.87","37427597","-45.862702947","170.516603897","0.0","-45.862672782666124","170.51661955444817","1754452335321"
"13.87","37427597","-45.862702947","170.516603897","0.0","-45.862672876164915","170.51661955182783","1754452335530"
"13.87","37427597","-45.862702947","170.516603897","0.0","-45.862672954848215","170.5166195204297","1754452335701"
"13.87","37427597","-45.862702947","170.516603897","0.0","-45.862673033211315","170.51661947798434","1754452335915"
"13.87","37427597","-45.862702947","170.516603897","0.0","-45.86267312067467","170.51661939412372","1754452336120"
"13.87","37427597","-45.862702947","170.516603897","0.0","-45.862673215475645","170.51661927991537","1754452336301"
"13.87","37427597","-45.862702947","170.516603897","0.0","-45.86267331631097","170.51661915027094","1754452336522"
"13.87","37427597","-45.862702947","170.516603897","0.0","-45.862673421693216","170.51661898761526","1754452336741"
"13.87","37427597","-45.862702947","170.516603897","0.0","-45.86267355202675","170.51661878972473","1754452336903"
"13.87","37427597","-45.862702947","170.516603897","0.0","-45.86267369090582","170.51661860673204","1754452337120"
"13.87","37427597","-45.862702947","170.516603897","0.0","-45.862673822794264","170.5166184391786","1754452337342"
"13.87","37427597","-45.862702947","170.516603897","0.0","-45.8626739786627","170.51661826530332","1754452337512"
"13.87","37427597","-45.862702947","170.516603897","0.0","-45.86267413264319","170.51661807813414","1754452337735"
"13.87","37427597","-45.862702947","170.516603897","0.0","-45.8626742784401","170.51661786868266","1754452337942"
"13.87","37427597","-45.862702947","170.516603897","0.0","-45.86267441623653","170.51661766324477","1754452338120"
"13.87","37427597","-45.862702947","170.516603897","0.0","-45.86267454656363","170.51661745069933","1754452338344"
"13.87","37427597","-45.862702947","170.516603897","0.0","-45.86267467018816","170.51661720438454","1754452338502"
"13.87","37427597","-45.862702947","170.516603897","0.0","-45.862674809228935","170.51661692143713","1754452338722"
"13.87","37427597","-45.862702947","170.516603897","0.0","-45.86267497017866","170.51661660980875","1754452338934"
"13.87","37427597","-45.862702947","170.516603897","0.0","-45.86267514953344","170.51661625541206","1754452339116"
"13.87","37427597","-45.862702947","170.516603897","0.0","-45.862675321959685","170.5166158788254","1754452339334"
"13.87","37427597","-45.862702947","170.516603897","0.0","-45.86267550039673","170.51661551775172","1754452339512"
"13.87","37427597","-45.862702947","170.516603897","0.0","-45.86267567135052","170.5166151605978","1754452339732"
"13.87","37427597","-45.862702947","170.516603897","0.0","-45.86267582564906","170.51661482103904","1754452339893"
"13.87","37427597","-45.862702947","170.516603897","0.0","-45.86267598734412","170.51661448644725","1754452340122"
"13.87","37427597","-45.862702947","170.516603897","0.0","-45.86267614210527","170.51661414770348","1754452340352"
"13.87","37427597","-45.862702947","170.516603897","0.0","-45.862676302717674","170.5166138495429","1754452340503"
"13.87","37427597","-45.862702947","170.516603897","0.0","-45.86267645592929","170.51661360490274","1754452340733"
"13.87","37427597","-45.862702947","170.516603897","0.0","-45.86267659489618","170.51661340641556","1754452340895"
"13.87","37427597","-45.862702947","170.516603897","0.0","-45.862676721892875","170.51661322555117","1754452341120"
"13.87","37427597","-45.862702947","170.516603897","0.0","-45.86267683864562","170.5166130703598","1754452341334"
"13.87","37427597","-45.862702947","170.516603897","0.0","-45.86267694684104","170.51661294505953","1754452341512"
"13.87","37427597","-45.862702947","170.516603897","0.0","-45.86267704835851","170.51661282255336","1754452341725"
"13.87","37427597","-45.862702947","170.516603897","0.0","-45.86267716622175","170.51661269235683","1754452341936"
"13.87","37427597","-45.862702947","170.516603897","0.0","-45.86267728649553","170.51661255470216","1754452342105"
"13.87","37427597","-45.862702947","170.516603897","0.0","-45.862677421055785","170.51661243153015","1754452342334"
"13.87","37427597","-45.862702947","170.516603897","0.0","-45.86267755515449","170.51661228512867","1754452342494"
"13.87","37427597","-45.862702947","170.516603897","0.0","-45.86267767922128","170.5166121424178","1754452342714"
"13.87","37427597","-45.862702947","170.516603897","0.0","-45.86267781566628","170.5166119996254","1754452342934"
"13.87","37427597","-45.862702947","170.516603897","0.0","-45.86267795033041","170.51661186802954","1754452343098"
"13.87","37427597","-45.862702947","170.516603897","0.0","-45.8626780750922","170.51661173316128","1754452343314"
"13.87","37427597","-45.862702947","170.516603897","0.0","-45.86267819139732","170.51661160673228","1754452343532"
"13.87","37427597","-45.862702947","170.516603897","0.0","-45.86267830054689","170.51661149588395","1754452343704"
"13.87","37427597","-45.862702947","170.516603897","0.0","-45.86267840363961","170.51661139794518","1754452343921"
"13.87","37427597","-45.862702947","170.516603897","0.0","-45.8626785017485","170.51661131054314","1754452344142"
"13.87","37427597","-45.862702947","170.516603897","0.0","-45.86267861419635","170.5166112327552","1754452344312"
"13.87","37427597","-45.862702947","170.516603897","0.0","-45.86267875701194","170.51661111331998","1754452344536"
"13.87","37427597","-45.862702947","170.516603897","0.0","-45.86267891248309","170.51661094932336","1754452344692"
"13.87","37427597","-45.862702947","170.516603897","0.0","-45.86267907218418","170.51661073270282","1754452344913"
"13.87","37427597","-45.862702947","170.516603897","0.0","-45.86267923556907","170.51661048495947","1754452345135"
"13.87","37427597","-45.862702947","170.516603897","0.0","-45.86267938905267","170.51661021508764","1754452345311"
"13.87","37427597","-45.862702947","170.516603897","0.0","-45.86267953585834","170.51660992939836","1754452345526"
"13.87","37427597","-45.862702947","170.516603897","0.0","-45.86267968785558","170.5166096604738","1754452345746"
"13.87","37427597","-45.862702947","170.516603897","0.0","-45.86267983537873","170.51660940056973","1754452345910"
"13.87","37427597","-45.862702947","170.516603897","0.0","-45.862679969922915","170.51660914978774","1754452346126"
"13.87","37427597","-45.862702947","170.516603897","0.0","-45.862680093604205","170.51660890705443","1754452346294"
"13.87","37427597","-45.862702947","170.516603897","0.0","-45.86268020833729","170.51660867220056","1754452346517"
"13.87","37427597","-45.862702947","170.516603897","0.0","-45.8626803367818","170.51660846646593","1754452346738"
"13.87","37427597","-45.862702947","170.516603897","0.0","-45.86268046478512","170.51660827319944","1754452346909"
"13.87","37427597","-45.862702947","170.516603897","0.0","-45.86268058319986","170.51660810253816","1754452347125"
"13.87","37427597","-45.862702947","170.516603897","0.0","-45.86268069362376","170.51660791710816","1754452347314"
"13.87","37427597","-45.862702947","170.516603897","0.0","-45.8626807760808","170.51660772203942","1754452347518"
"13.87","37427597","-45.862702947","170.516603897","0.0","-45.862680848088296","170.5166075483887","1754452347736"
"13.87","37427597","-45.862702947","170.516603897","0.0","-45.86268092055197","170.51660738126733","1754452347906"
"13.87","37427597","-45.862702947","170.516603897","0.0","-45.862681015559616","170.51660720926512","1754452348124"
"13.87","37427597","-45.862702947","170.516603897","0.0","-45.86268111828824","170.51660703165615","1754452348296"
"13.87","37427597","-45.862702947","170.516603897","0.0","-45.862681218228325","170.5166068487358","1754452348516"
"13.87","37427597","-45.862702947","170.516603897","0.0","-45.86268133685509","170.51660666211865","1754452348736"
"13.87","37427597","-45.862702947","170.516603897","0.0","-45.86268143726421","170.51660647198","1754452348896"
"13.87","37427597","-45.862702947","170.516603897","0.0","-45.86268152539473","170.51660627876888","1754452349117"
"13.87","37427597","-45.862702947","170.516603897","0.0","-45.86268159099626","170.51660608430296","1754452349337"
"13.87","37427597","-45.862702947","170.516603897","0.0","-45.86268165083652","170.51660590957582","1754452349508"
"13.87","37427597","-45.862702947","170.516603897","0.0","-45.86268171612322","170.51660573959418","1754452349726"
"13.87","37427597","-45.862702947","170.516603897","0.0","-45.862681786867086","170.51660556317856","1754452349947"
"13.87","37427597","-45.862702947","170.516603897","0.0","-45.862681862252096","170.51660540233436","1754452350107"
"13.87","37427597","-45.862702947","170.516603897","0.0","-45.86268191896755","170.51660524638947","1754452350336"
"13.87","37427597","-45.862702947","170.516603897","0.0","-45.86268197610064","170.51660509418755","1754452350497"
"13.87","37427597","-45.862702947","170.516603897","0.0","-45.86268204007874","170.51660494403697","1754452350717"
"13.87","37427597","-45.862702947","170.516603897","0.0","-45.862682111835646","170.5166047819318","1754452350948"
"13.87","37427597","-45.862702947","170.516603897","0.0","-45.86268219039044","170.51660463009273","1754452351107"
"13.87","37427597","-45.862702947","170.516603897","0.0","-45.862682273918345","170.51660451987487","1754452351338"
"13.87","37427597","-45.862702947","170.516603897","0.0","-45.8626823399718","170.5166044313549","1754452351507"
"13.87","37427597","-45.862702947","170.516603897","0.0","-45.862682424883275","170.51660433051126","1754452351717"
"13.87","37427597","-45.862702947","170.516603897","0.0","-45.8626825019367","170.51660425283868","1754452351947"
"13.87","37427597","-45.862702947","170.516603897","0.0","-45.86268257524851","170.51660419006706","1754452352109"
"13.87","37427597","-45.862702947","170.516603897","0.0","-45.86268265441797","170.51660412874097","1754452352337"
"13.87","37427597","-45.862702947","170.516603897","0.0","-45.86268273869764","170.51660404655655","1754452352497"
"13.87","37427597","-45.862702947","170.516603897","0.0","-45.862682828590806","170.51660395803657","1754452352717"
"13.87","37427597","-45.862702947","170.516603897","0.0","-45.862682901350055","170.51660387211234","1754452352938"
"13.87","37427597","-45.862702947","170.516603897","0.0","-45.86268297175765","170.5166037661172","1754452353098"
"13.87","37427597","-45.862702947","170.516603897","0.0","-45.862683049455754","170.51660363399233","1754452353327"
"13.87","37427597","-45.862702947","170.516603897","0.0","-45.86268313309504","170.51660350060646","1754452353548"
"13.87","37427597","-45.862702947","170.516603897","0.0","-45.862683221636765","170.51660335459556","1754452353708"
"13.87","37427597","-45.862702947","170.516603897","0.0","-45.86268331450053","170.5166032103777","1754452353928"
"13.87","37427597","-45.862702947","170.516603897","0.0","-45.86268343217208","170.5166030341251","1754452354099"
"13.87","37427597","-45.862702947","170.516603897","0.0","-45.86268355777237","170.51660285587027","1754452354317"
"13.87","37427597","-45.862702947","170.516603897","0.0","-45.862683679877335","170.51660267382647","1754452354537"
"13.87","37427597","-45.862702947","170.516603897","0.0","-45.862683799392926","170.51660250058478","1754452354698"
"13.87","37427597","-45.862702947","170.516603897","0.0","-45.862683916993795","170.51660236668224","1754452354917"
"13.87","37427597","-45.862702947","170.516603897","0.0","-45.86268403231372","170.51660225365336","1754452355135"
"13.87","37427597","-45.862702947","170.516603897","0.0","-45.862684124697736","170.51660214845168","1754452355318"
"13.87","37427597","-45.862702947","170.516603897","0.0","-45.862684209829816","170.51660207132653","1754452355538"
"13.87","37427597","-45.862702947","170.516603897","0.0","-45.86268429834156","170.51660200494732","1754452355702"
"13.87","37427597","-45.862702947","170.516603897","0.0","-45.862684389781066","170.51660193779924","1754452355918"
"13.87","37427597","-45.862702947","170.516603897","0.0","-45.86268448406909","170.51660186847673","1754452356136"
"13.87","37427597","-45.862702947","170.516603897","0.0","-45.862684557740714","170.51660177753013","1754452356308"
"13.87","37427597","-45.862702947","170.516603897","0.0","-45.86268463062631","170.51660165157784","1754452356526"
"13.87","37427597","-45.862702947","170.516603897","0.0","-45.862684705681495","170.51660152884565","1754452356748"
"13.87","37427597","-45.862702947","170.516603897","0.0","-45.862684747019244","170.5166014066732","1754452356909"
"13.87","37427597","-45.862702947","170.516603897","0.0","-45.862684778901205","170.5166013146502","1754452357128"
"13.87","37427597","-45.862702947","170.516603897","0.0","-45.862684822297176","170.51660123547063","1754452357299"
"13.87","37427597","-45.862702947","170.516603897","0.0","-45.862684879460254","170.51660115093034","1754452357520"
"13.87","37427597","-45.862702947","170.516603897","0.0","-45.86268492281123","170.5166010688721","1754452357731"
"13.87","37427597","-45.862702947","170.516603897","0.0","-45.862684971315254","170.51660098051818","1754452357902"
"13.87","37427597","-45.862702947","170.516603897","0.0","-45.8626850101386","170.51660091360998","1754452358120"
"13.87","37427597","-45.862702947","170.516603897","0.0","-45.86268501154787","170.51660087201955","1754452358338"
"13.87","37427597","-45.862702947","170.516603897","0.0","-45.8626849951871","170.51660083145327","1754452358509"
"13.87","37427597","-45.862702947","170.516603897","0.0","-45.86268497261743","170.51660075929817","1754452358728"
"13.87","37427597","-45.862702947","170.516603897","0.0","-45.862684946085544","170.51660071239323","1754452358950"
"13.87","37427597","-45.862702947","170.516603897","0.0","-45.862684894968595","170.516600738932","1754452359114"
"13.87","37427597","-45.862702947","170.516603897","0.0","-45.8626848596877","170.51660083292646","1754452359329"
"13.87","37427597","-45.862702947","170.516603897","0.0","-45.86268481411144","170.5166009644854","1754452359501"
"13.87","37427597","-45.862702947","170.516603897","0.0","-45.86268476148456","170.51660111816363","1754452359709"
"13.87","37427597","-45.862702947","170.516603897","0.0","-45.86268471685496","170.5166012567748","1754452359930"
"13.87","37427597","-45.862702947","170.516603897","0.0","-45.86268469684039","170.51660138326838","1754452360100"
"13.87","37427597","-45.862702947","170.516603897","0.0","-45.86268468937214","170.51660148604037","1754452360330"
"13.87","37427597","-45.862702947","170.516603897","0.0","-45.8626846821202","170.51660157479716","1754452360540"
"13.87","37427597","-45.862702947","170.516603897","0.0","-45.86268467543797","170.51660164689997","1754452360700"
"13.87","37427597","-45.862702947","170.516603897","0.0","-45.86268466916266","170.51660168360334","1754452360920"
"13.87","37427597","-45.862702947","170.516603897","0.0","-45.8626846844033","170.5166017005188","1754452361139"
"13.87","37427597","-45.862702947","170.516603897","0.0","-45.8626847062769","170.5166017098561","1754452361320"
"13.87","37427597","-45.862702947","170.516603897","0.0","-45.862684747227","170.5166017143003","1754452361541"
"13.87","37427597","-45.862702947","170.516603897","0.0","-45.862684789162294","170.51660171353137","1754452361709"
"13.87","37427597","-45.862702947","170.516603897","0.0","-45.86268484546011","170.5166017094594","1754452361930"
"13.87","37427597","-45.862702947","170.516603897","0.0","-45.86268490340278","170.51660170263784","1754452362100"
"13.87","37427597","-45.862702947","170.516603897","0.0","-45.862684947736824","170.51660167365404","1754452362320"
"13.87","37427597","-45.862702947","170.516603897","0.0","-45.86268498417427","170.51660163601258","1754452362540"
"13.87","37427597","-45.862702947","170.516603897","0.0","-45.86268503105699","170.51660158412838","1754452362709"
"13.87","37427597","-45.862702947","170.516603897","0.0","-45.8626850984426","170.51660152968836","1754452362931"
"13.87","37427597","-45.862702947","170.516603897","0.0","-45.862685162996826","170.5166014619651","1754452363153"
"13.87","37427597","-45.862702947","170.516603897","0.0","-45.86268523071226","170.51660137883962","1754452363321"
"13.87","37427597","-45.862702947","170.516603897","0.0","-45.86268533556764","170.51660125790355","1754452363541"
"13.87","37427597","-45.862702947","170.516603897","0.0","-45.86268543882099","170.51660111873568","1754452363700"
"13.87","37427597","-45.862702947","170.516603897","0.0","-45.86268551997585","170.5166009746439","1754452363921"
"13.87","37427597","-45.862702947","170.516603897","0.0","-45.86268558333928","170.51660080374887","1754452364133"
"13.87","37427597","-45.862702947","170.516603897","0.0","-45.86268562653392","170.51660065606177","1754452364313"
"13.87","37427597","-45.862702947","170.516603897","0.0","-45.862685676899105","170.51660055645146","1754452364534"
"13.87","37427597","-45.862702947","170.516603897","0.0","-45.862685722139105","170.51660053270834","1754452364747"
"13.87","37427597","-45.862702947","170.516603897","0.0","-45.862685753200786","170.51660056241494","1754452364912"
"13.87","37427597","-45.862702947","170.516603897","0.0","-45.86268579489192","170.51660060836335","1754452365131"
"13.87","37427597","-45.862702947","170.516603897","0.0","-45.86268585121329","170.5166006369689","1754452365305"
"13.87","37427597","-45.862702947","170.516603897","0.0","-45.86268589477846","170.51660066795182","1754452365524"
"13.87","37427597","-45.862702947","170.516603897","0.0","-45.86268591954769","170.5166007108124","1754452365743"
"13.87","37427597","-45.862702947","170.516603897","0.0","-45.86268591767367","170.51660079206493","1754452365906"
"13.87","37427597","-45.862702947","170.516603897","0.0","-45.86268600905321","170.516600818453","1754452366134"
"13.87","37427597","-45.862702947","170.516603897","0.0","-45.86268627693365","170.51660078317664","1754452366305"
"13.87","37427597","-45.862702947","170.516603897","0.0","-45.86268650439515","170.51660080982919","1754452366517"
"13.87","37427597","-45.862702947","170.516603897","0.0","-45.86268661976862","170.51660088640995","1754452366734"
"13.87","37427597","-45.862702947","170.516603897","0.0","-45.862686674374466","170.51660102972974","1754452366905"
"13.87","37427597","-45.862702947","170.516603897","0.0","-45.862686670716364","170.51660117775825","1754452367120"
"13.87","37427597","-45.862702947","170.516603897","0.0","-45.862686689060375","170.5166013107781","1754452367346"
"13.87","37427597","-45.862702947","170.516603897","0.0","-45.86268668580065","170.51660144472677","1754452367517"
"13.87","37427597","-45.862702947","170.516603897","0.0","-45.862686673331424","170.5166015862566","1754452367724"
"13.87","37427597","-45.862702947","170.516603897","0.0","-45.86268659985256","170.51660168892099","1754452367944"
"13.87","37427597","-45.862702947","170.516603897","0.0","-45.862686542897244","170.516601757613","1754452368116"
"13.87","37427597","-45.862702947","170.516603897","0.0","-45.86268654548018","170.5166018679846","1754452368335"
"13.87","37427597","-45.862702947","170.516603897","0.0","-45.86268655291202","170.5166019599","1754452368506"
"13.87","37427597","-45.862702947","170.516603897","0.0","-45.8626865501042","170.51660202567643","1754452368714"
"13.87","37427597","-45.862702947","170.516603897","0.0","-45.86268656010184","170.51660207619818","1754452368935"
"13.87","37427597","-45.862702947","170.516603897","0.0","-45.862686572571064","170.5166021011961","1754452369107"
"13.87","37427597","-45.862702947","170.516603897","0.0","-45.862686590506","170.5166021352853","1754452369325"
"13.87","37427597","-45.862702947","170.516603897","0.0","-45.86268662564341","170.51660214080894","1754452369546"
"13.87","37427597","-45.862702947","170.516603897","0.0","-45.86268664980226","170.5166021784012","1754452369705"
"13.87","37427597","-45.862702947","170.516603897","0.0","-45.86268666573467","170.5166022247464","1754452369925"
"13.87","37427597","-45.862702947","170.516603897","0.0","-45.862686682376","170.51660228121008","1754452370146"
"13.87","37427597","-45.862702947","170.516603897","0.0","-45.86268669417914","170.5166023289516","1754452370316"
"13.87","37427597","-45.862702947","170.516603897","0.0","-45.862686705288354","170.5166023851631","1754452370536"
"13.87","37427597","-45.862702947","170.516603897","0.0","-45.86268671413802","170.5166024546117","1754452370745"
"13.87","37427597","-45.862702947","170.516603897","0.0","-45.86268674568374","170.51660252094786","1754452370919"
"13.87","37427597","-45.862702947","170.516603897","0.0","-45.86268677877364","170.51660256761906","1754452371134"
"13.87","37427597","-45.862702947","170.516603897","0.0","-45.86268680766573","170.51660262057973","1754452371305"
"13.87","37427597","-45.862702947","170.516603897","0.0","-45.8626868544949","170.51660267285456","1754452371527"
"13.87","37427597","-45.862702947","170.516603897","0.0","-45.86268691876857","170.51660268156445","1754452371735"
"13.87","37427597","-45.862702947","170.516603897","0.0","-45.862686986308375","170.51660269624094","1754452371898"
"13.87","37427597","-45.862702947","170.516603897","0.0","-45.862687039427854","170.51660269105557","1754452372116"
"13.87","37427597","-45.862702947","170.516603897","0.0","-45.862687077448044","170.51660269072033","1754452372337"
"13.87","37427597","-45.862702947","170.516603897","0.0","-45.862687113172285","170.5166027008296","1754452372506"
"13.87","37427597","-45.862702947","170.516603897","0.0","-45.86268713811715","170.5166027048001","1754452372716"
"13.87","37427597","-45.862702947","170.516603897","0.0","-45.86268715589361","170.5166027294505","1754452372938"
"13.87","37427597","-45.862702947","170.516603897","0.0","-45.86268716211108","170.5166027526831","1754452373100"
"13.87","37427597","-45.862702947","170.516603897","0.0","-45.86268716054119","170.5166027777333","1754452373329"
"13.87","37427597","-45.862702947","170.516603897","0.0","-45.862687137667386","170.51660282689264","1754452373498"
"13.87","37427597","-45.862702947","170.516603897","0.0","-45.862687133756566","170.51660288448198","1754452373706"
"13.87","37427597","-45.862702947","170.516603897","0.0","-45.86268713939791","170.51660294104718","1754452373926"
"13.87","37427597","-45.862702947","170.516603897","0.0","-45.86268714162746","170.51660298789673","1754452374100"
"13.87","37427597","-45.862702947","170.516603897","0.0","-45.86268714214791","170.5166030243787","1754452374318"
"13.87","37427597","-45.862702947","170.516603897","0.0","-45.86268716474328","170.5166030711668","1754452374537"
"13.87","37427597","-45.862702947","170.516603897","0.0","-45.86268719118736","170.51660313527012","1754452374698"
"13.87","37427597","-45.862702947","170.516603897","0.0","-45.862687212142156","170.51660319038675","1754452374918"
"13.87","37427597","-45.862702947","170.516603897","0.0","-45.86268724146689","170.51660324090545","1754452375137"
"13.87","37427597","-45.862702947","170.516603897","0.0","-45.862687211805905","170.51660331811055","1754452375309"
"13.87","37427597","-45.862702947","170.516603897","0.0","-45.86268727099293","170.5166034571615","1754452375528"
"13.87","37427597","-45.862702947","170.516603897","0.0","-45.8626873416811","170.51660376494237","1754452375700"
"13.87","37427597","-45.862702947","170.516603897","0.0","-45.86268737688276","170.51660400089108","1754452375911"
"13.87","37427597","-45.862702947","170.516603897","0.0","-45.862687437427645","170.51660410929128","1754452376137"
"13.87","37427597","-45.862702947","170.516603897","0.0","-45.86268746386317","170.51660415661144","1754452376299"
"13.87","37427597","-45.862702947","170.516603897","0.0","-45.862687533086394","170.51660412667422","1754452376519"
"13.87","37427597","-45.862702947","170.516603897","0.0","-45.86268757479894","170.5166040876734","1754452376740"
"13.87","37427597","-45.862702947","170.516603897","0.0","-45.86268760944161","170.51660410934048","1754452376905"
"13.87","37427597","-45.862702947","170.516603897","0.0","-45.86268763260455","170.51660416657612","1754452377126"
"13.87","37427597","-45.862702947","170.516603897","0.0","-45.862687646277415","170.51660427289423","1754452377297"
"13.87","37427597","-45.862702947","170.516603897","0.0","-45.862687676266084","170.51660441747808","1754452377518"
"13.87","37427597","-45.862702947","170.516603897","0.0","-45.86268770431433","170.5166045512884","1754452377734"
"13.87","37427597","-45.862702947","170.516603897","0.0","-45.86268770259451","170.51660469680718","1754452377896"
"13.87","37427597","-45.862702947","170.516603897","0.0","-45.862687685250684","170.51660485892467","1754452378125"
"13.87","37427597","-45.862702947","170.516603897","0.0","-45.862687646645796","170.51660509557766","1754452378298"
"13.87","37427597","-45.862702947","170.516603897","0.0","-45.86268759899848","170.5166053597044","1754452378518"
"13.87","37427597","-45.862702947","170.516603897","0.0","-45.86268753573144","170.5166056247569","1754452378736"
"13.87","37427597","-45.862702947","170.516603897","0.0","-45.862687447223976","170.51660582170166","1754452378907"
"13.87","37427597","-45.862702947","170.516603897","0.0","-45.86268738292676","170.51660593801216","1754452379139"
"13.87","37427597","-45.862702947","170.516603897","0.0","-45.86268731993172","170.5166059891521","1754452379309"
"13.87","37427597","-45.862702947","170.516603897","0.0","-45.86268725498555","170.51660599073296","1754452379527"
"13.87","37427597","-45.862702947","170.516603897","0.0","-45.86268720409135","170.51660594903797","1754452379737"
"13.87","37427597","-45.862702947","170.516603897","0.0","-45.862687183406415","170.51660585007656","1754452379903"
"13.87","37427597","-45.862702947","170.516603897","0.0","-45.86268717816771","170.51660569085007","1754452380116"
"13.87","37427597","-45.862702947","170.516603897","0.0","-45.862687176073095","170.5166054949233","1754452380300"
"13.87","37427597","-45.862702947","170.516603897","0.0","-45.86268717594673","170.5166052752749","1754452380518"
"13.87","37427597","-45.862702947","170.516603897","0.0","-45.86268715692164","170.51660506737502","1754452380727"
"13.87","37427597","-45.862702947","170.516603897","0.0","-45.86268711198362","170.51660485795279","1754452380889"
"13.87","37427597","-45.862702947","170.516603897","0.0","-45.862687043492876","170.51660464977002","1754452381120"
"13.87","37427597","-45.862702947","170.516603897","0.0","-45.86268700222152","170.5166044584965","1754452381339"
"13.87","37427597","-45.862702947","170.516603897","0.0","-45.862686978837985","170.51660426976642","1754452381509"
"13.87","37427597","-45.862702947","170.516603897","0.0","-45.8626869828045","170.5166041100571","1754452381721"
"13.87","37427597","-45.862702947","170.516603897","0.0","-45.86268699807939","170.5166039649904","1754452381950"
"13.87","37427597","-45.862702947","170.516603897","0.0","-45.86268703460465","170.5166038197914","1754452382108"
"13.87","37427597","-45.862702947","170.516603897","0.0","-45.862687073989136","170.51660366243792","1754452382348"
"13.87","37427597","-45.862702947","170.516603897","0.0","-45.862687129166815","170.51660349716497","1754452382510"
"13.87","37427597","-45.862702947","170.516603897","0.0","-45.86268720589684","170.51660335979014","1754452382720"
"13.87","37427597","-45.862702947","170.516603897","0.0","-45.86268732440795","170.51660323395166","1754452382939"
"13.87","37427597","-45.862702947","170.516603897","0.0","-45.86268743902968","170.51660313570378","1754452383110"
"13.87","37427597","-45.862702947","170.516603897","0.0","-45.862687550822145","170.5166030482756","1754452383330"
"13.87","37427597","-45.862702947","170.516603897","0.0","-45.86268767312201","170.51660297600674","1754452383503"
"13.87","37427597","-45.862702947","170.516603897","0.0","-45.862687800551335","170.51660292801","1754452383708"
"13.87","37427597","-45.862702947","170.516603897","0.0","-45.862687910808184","170.5166029004563","1754452383943"
"13.87","37427597","-45.862702947","170.516603897","0.0","-45.86268801919529","170.51660288835097","1754452384146"
"13.87","37427597","-45.862702947","170.516603897","0.0","-45.86268812657364","170.51660288877235","1754452384322"
"13.87","37427597","-45.862702947","170.516603897","0.0","-45.86268824006879","170.51660287700534","1754452384539"
"13.87","37427597","-45.862702947","170.516603897","0.0","-45.862688337025425","170.51660286524452","1754452384702"
"13.87","37427597","-45.862702947","170.516603897","0.0","-45.86268844431596","170.51660286290712","1754452384910"
"13.87","37427597","-45.862702947","170.516603897","0.0","-45.86268854714954","170.51660286799714","1754452385138"
"13.87","37427597","-45.862702947","170.516603897","0.0","-45.86268863779445","170.51660287791265","1754452385310"
"13.87","37427597","-45.862702947","170.516603897","0.0","-45.86268873668722","170.51660289195857","1754452385540"
"13.87","37427597","-45.862702947","170.516603897","0.0","-45.86268881326519","170.516602906918","1754452385740"
"13.87","37427597","-45.862702947","170.516603897","0.0","-45.86268886768254","170.5166029229415","1754452385909"
"13.87","37427597","-45.862702947","170.516603897","0.0","-45.86268892406175","170.5166029177869","1754452386117"
"13.87","37427597","-45.862702947","170.516603897","0.0","-45.862688967177135","170.51660290570928","1754452386340"
"13.87","37427597","-45.862702947","170.516603897","0.0","-45.86268901558907","170.51660287454493","1754452386511"
"13.87","37427597","-45.862702947","170.516603897","0.0","-45.862689073169776","170.51660282064006","1754452386720"
"13.87","37427597","-45.862702947","170.516603897","0.0","-45.86268912185156","170.5166027661047","1754452386942"
"13.87","37427597","-45.862702947","170.516603897","0.0","-45.862689174632635","170.51660269964248","1754452387120"
"13.87","37427597","-45.862702947","170.516603897","0.0","-45.862689237175765","170.51660261804855","1754452387342"
"13.87","37427597","-45.862702947","170.516603897","0.0","-45.86268929146463","170.51660252003137","1754452387501"
"13.87","37427597","-45.862702947","170.516603897","0.0","-45.862689327807836","170.51660241041324","1754452387722"
"13.87","37427597","-45.862702947","170.516603897","0.0","-45.86268937099819","170.51660228887127","1754452387933"
"13.87","37427597","-45.862702947","170.516603897","0.0","-45.86268940665819","170.51660214190076","1754452388101"
"13.87","37427597","-45.862702947","170.516603897","0.0","-45.862689427268165","170.5166019886224","1754452388320"
"13.87","37427597","-45.862702947","170.516603897","0.0","-45.862689456802784","170.51660185401553","1754452388540"
"13.87","37427597","-45.862702947","170.516603897","0.0","-45.86268948243728","170.51660172854614","1754452388712"
"13.87","37427597","-45.862702947","170.516603897","0.0","-45.86268951576706","170.5166016017819","1754452388922"
"13.87","37427597","-45.862702947","170.516603897","0.0","-45.86268954576216","170.5166014497245","1754452389140"
"13.87","37427597","-45.862702947","170.516603897","0.0","-45.862689582336664","170.51660129934018","1754452389312"
"13.87","37427597","-45.862702947","170.516603897","0.0","-45.86268961613764","170.51660117039847","1754452389532"
"13.87","37427597","-45.862702947","170.516603897","0.0","-45.862689657822344","170.51660103232553","1754452389701"
"13.87","37427597","-45.862702947","170.516603897","0.0","-45.8626896956305","170.5166009085968","1754452389912"
"13.87","37427597","-45.862702947","170.516603897","0.0","-45.862689720864495","170.51660079392866","1754452390124"
"13.87","37427597","-45.862702947","170.516603897","0.0","-45.86268975456266","170.51660070606997","1754452390312"
"13.87","37427597","-45.862702947","170.516603897","0.0","-45.86268978635038","170.51660064371663","1754452390534"
"13.87","37427597","-45.862702947","170.516603897","0.0","-45.86268982696636","170.51660058430653","1754452390742"
"13.87","37427597","-45.862702947","170.516603897","0.0","-45.862689864823786","170.51660051654028","1754452390912"
"13.87","37427597","-45.862702947","170.516603897","0.0","-45.86268991194639","170.5166004607163","1754452391133"
"13.87","37427597","-45.862702947","170.516603897","0.0","-45.86268997266046","170.51660040762337","1754452391312"
"13.87","37427597","-45.862702947","170.516603897","0.0","-45.86269002902896","170.51660034241283","1754452391532"
"13.87","37427597","-45.862702947","170.516603897","0.0","-45.862690066871394","170.5166002710943","1754452391692"
"13.87","37427597","-45.862702947","170.516603897","0.0","-45.862690112938104","170.51660018990947","1754452391914"
"13.87","37427597","-45.862702947","170.516603897","0.0","-45.862690155494505","170.51660009895676","1754452392123"
"13.87","37427597","-45.862702947","170.516603897","0.0","-45.86269018204995","170.51660000594956","1754452392302"
"13.87","37427597","-45.862702947","170.516603897","0.0","-45.8626901980402","170.51659992398663","1754452392522"
"13.87","37427597","-45.862702947","170.516603897","0.0","-45.86269020419985","170.51659984901434","1754452392741"
"13.87","37427597","-45.862702947","170.516603897","0.0","-45.86269020381433","170.5165997623951","1754452392903"
"13.87","37427597","-45.862702947","170.516603897","0.0","-45.86269021956042","170.51659967105792","1754452393132"
"13.87","37427597","-45.862702947","170.516603897","0.0","-45.86269023627242","170.51659957626384","1754452393304"
"13.87","37427597","-45.862702947","170.516603897","0.0","-45.86269026627394","170.51659947417463","1754452393513"
"13.87","37427597","-45.862702947","170.516603897","0.0","-45.8626902966374","170.51659938909924","1754452393732"
"13.87","37427597","-45.862702947","170.516603897","0.0","-45.86269031793917","170.51659930518332","1754452393955"
"13.87","37427597","-45.862702947","170.516603897","0.0","-45.86269032983225","170.51659923850883","1754452394117"
"13.87","37427597","-45.862702947","170.516603897","0.0","-45.86269035556956","170.5165991946333","1754452394344"
"13.87","37427597","-45.862702947","170.516603897","0.0","-45.86269040406287","170.51659914707943","1754452394514"
"13.87","37427597","-45.862702947","170.516603897","0.0","-45.86269044991112","170.51659910824776","1754452394723"
"13.87","37427597","-45.862702947","170.516603897","0.0","-45.862690484063336","170.51659906452903","1754452394905"
"13.87","37427597","-45.862702947","170.516603897","0.0","-45.8626905281211","170.516599007155","1754452395120"
"13.87","37427597","-45.862702947","170.516603897","0.0","-45.862690588623146","170.51659895984716","1754452395345"
"13.87","37427597","-45.862702947","170.516603897","0.0","-45.86269064445834","170.51659890693568","1754452395514"
"13.87","37427597","-45.862702947","170.516603897","0.0","-45.862690706007704","170.51659886091036","1754452395724"
"13.87","37427597","-45.862702947","170.516603897","0.0","-45.86269076209778","170.51659881038856","1754452395944"
"13.87","37427597","-45.862702947","170.516603897","0.0","-45.862690825296276","170.5165987651352","1754452396118"
"13.87","37427597","-45.862702947","170.516603897","0.0","-45.862690899436934","170.51659871645873","1754452396336"
"13.87","37427597","-45.862702947","170.516603897","0.0","-45.86269096691892","170.5165986726416","1754452396506"
"13.87","37427597","-45.862702947","170.516603897","0.0","-45.86269103795621","170.51659862396517","1754452396716"
"13.87","37427597","-45.862702947","170.516603897","0.0","-45.86269110099408","170.51659856072607","1754452396934"
"13.87","37427597","-45.862702947","170.516603897","0.0","-45.86269114742918","170.51659848285973","1754452397145"
"13.87","37427597","-45.862702947","170.516603897","0.0","-45.8626911970212","170.5165983986086","1754452397325"
"13.87","37427597","-45.862702947","170.516603897","0.0","-45.86269124260602","170.5165983232242","1754452397544"
"13.87","37427597","-45.862702947","170.516603897","0.0","-45.86269131301791","170.51659827135845","1754452397715"
"13.87","37427597","-45.862702947","170.516603897","0.0","-45.8626914269457","170.5165982351133","1754452397937"
"13.87","37427597","-45.862702947","170.516603897","0.0","-45.8626915797054","170.51659821340309","1754452398153"
"13.87","37427597","-45.862702947","170.516603897","0.0","-45.86269173241371","170.51659818431472","1754452398324"
"13.87","37427597","-45.862702947","170.516603897","0.0","-45.86269188839887","170.516598157087","1754452398545"
"13.87","37427597","-45.862702947","170.516603897","0.0","-45.86269203193624","170.51659812168765","1754452398704"
"13.87","37427597","-45.862702947","170.516603897","0.0","-45.8626921777824","170.51659804447334","1754452398915"
"13.87","37427597","-45.862702947","170.516603897","0.0","-45.86269229326723","170.51659794758788","1754452399144"
"13.87","37427597","-45.862702947","170.516603897","0.0","-45.86269237474979","170.51659784624292","1754452399308"
"13.87","37427597","-45.862702947","170.516603897","0.0","-45.86269245431976","170.51659773423202","1754452399525"
"13.87","37427597","-45.862702947","170.516603897","0.0","-45.86269251329904","170.5165976438975","1754452399746"
"13.87","37427597","-45.862702947","170.516603897","0.0","-45.86269257288443","170.51659753022275","1754452399908"
"13.87","37427597","-45.862702947","170.516603897","0.0","-45.86269263895715","170.5165973845686","1754452400138"
"13.87","37427597","-45.862702947","170.516603897","0.0","-45.86269268970142","170.5165972324989","1754452400295"
"13.87","37427597","-45.862702947","170.516603897","0.0","-45.862692740407155","170.5165970854792","1754452400515"
"13.87","37427597","-45.862702947","170.516603897","0.0","-45.86269279951279","170.5165969467819","1754452400734"
"13.87","37427597","-45.862702947","170.516603897","0.0","-45.862692849083395","170.51659680574107","1754452400897"
"13.87","37427597","-45.862702947","170.516603897","0.0","-45.86269289902452","170.51659667267202","1754452401123"
"13.87","37427597","-45.862702947","170.516603897","0.0","-45.86269300008045","170.516596568965","1754452401355"
"13.87","37427597","-45.862702947","170.516603897","0.0","-45.86269314999592","170.51659649231664","1754452401524"
"13.87","37427597","-45.862702947","170.516603897","0.0","-45.86269330225874","170.51659644508567","1754452401734"
"13.87","37427597","-45.862702947","170.516603897","0.0","-45.862693449494884","170.51659642007542","1754452401897"
"13.87","37427597","-45.862702947","170.516603897","0.0","-45.86269361270843","170.51659643358934","1754452402116"
"13.87","37427597","-45.862702947","170.516603897","0.0","-45.86269377186123","170.51659644545163","1754452402339"
"13.87","37427597","-45.862702947","170.516603897","0.0","-45.86269390502615","170.51659643667716","1754452402496"
"13.87","37427597","-45.862702947","170.516603897","0.0","-45.86269398202604","170.51659640718896","1754452402715"
"13.87","37427597","-45.862702947","170.516603897","0.0","-45.862694060060385","170.51659636163419","1754452402937"
"13.87","37427597","-45.862702947","170.516603897","0.0","-45.862694197789345","170.51659631935175","1754452403109"
"13.87","37427597","-45.862702947","170.516603897","0.0","-45.862694383223456","170.5165962930098","1754452403328"
"13.87","37427597","-45.862702947","170.516603897","0.0","-45.86269459945581","170.5165962777367","1754452403498"
"13.87","37427597","-45.862702947","170.516603897","0.0","-45.86269480659861","170.5165962519607","1754452403717"
"13.87","37427597","-45.862702947","170.516603897","0.0","-45.86269503581419","170.51659620663656","1754452403925"
"13.87","37427597","-45.862702947","170.516603897","0.0","-45.862695223983316","170.51659616478162","1754452404097"
"13.87","37427597","-45.862702947","170.516603897","0.0","-45.86269534463188","170.51659615875974","1754452404318"
"13.87","37427597","-45.862702947","170.516603897","0.0","-45.8626954308948","170.51659616933037","1754452404547"
"13.87","37427597","-45.862702947","170.516603897","0.0","-45.86269545913581","170.51659616303473","1754452404708"
"13.87","37427597","-45.862702947","170.516603897","0.0","-45.86269543355485","170.51659608865296","1754452404927"
"13.87","37427597","-45.862702947","170.516603897","0.0","-45.86269536365483","170.51659596119367","1754452405146"
"13.87","37427597","-45.862702947","170.516603897","0.0","-45.86269530327058","170.51659582435403","1754452405320"
"13.87","37427597","-45.862702947","170.516603897","0.0","-45.86269528891448","170.51659572248926","1754452405537"
"13.87","37427597","-45.862702947","170.516603897","0.0","-45.86269530557294","170.51659567973633","1754452405699"
"13.87","37427597","-45.862702947","170.516603897","0.0","-45.86269531987764","170.51659566108015","1754452405917"
"13.87","37427597","-45.862702947","170.516603897","0.0","-45.86269532191015","170.51659565519972","1754452406137"
"13.87","37427597","-45.862702947","170.516603897","0.0","-45.86269531503944","170.51659565938857","1754452406297"
"13.87","37427597","-45.862702947","170.516603897","0.0","-45.86269530158503","170.5165956930503","1754452406528"
"13.87","37427597","-45.862702947","170.516603897","0.0","-45.862695304099425","170.51659573813453","1754452406738"
"13.87","37427597","-45.862702947","170.516603897","0.0","-45.86269533167864","170.51659580694343","1754452406895"
"13.87","37427597","-45.862702947","170.516603897","0.0","-45.86269535855749","170.51659589905256","1754452407126"
"13.87","37427597","-45.862702947","170.516603897","0.0","-45.86269537598269","170.51659601070358","1754452407344"
"13.87","37427597","-45.862702947","170.516603897","0.0","-45.86269540729281","170.51659611613286","1754452407506"
"13.87","37427597","-45.862702947","170.516603897","0.0","-45.862695459917546","170.5165962055755","1754452407727"
"13.87","37427597","-45.862702947","170.516603897","0.0","-45.86269552807418","170.5165962775737","1754452407944"
"13.87","37427597","-45.862702947","170.516603897","0.0","-45.86269559312314","170.51659633868763","1754452408119"
"13.87","37427597","-45.862702947","170.516603897","0.0","-45.86269566017678","170.51659640514063","1754452408327"
"13.87","37427597","-45.862702947","170.516603897","0.0","-45.86269574218192","170.5165964897424","1754452408497"
"13.87","37427597","-45.862702947","170.516603897","0.0","-45.86269583802271","170.51659654779615","1754452408708"
"13.87","37427597","-45.862702947","170.516603897","0.0","-45.86269593783","170.51659658078123","1754452408929"
"13.87","37427597","-45.862702947","170.516603897","0.0","-45.86269604972099","170.51659662665895","1754452409146"
"13.87","37427597","-45.862702947","170.516603897","0.0","-45.862696139892584","170.516596689243","1754452409318"
"13.87","37427597","-45.862702947","170.516603897","0.0","-45.8626962541245","170.51659675028614","1754452409534"
"13.87","37427597","-45.862702947","170.516603897","0.0","-45.86269637575828","170.51659677376168","1754452409698"
"13.87","37427597","-45.862702947","170.516603897","0.0","-45.86269650490528","170.51659678022955","1754452409918"
"13.87","37427597","-45.862702947","170.516603897","0.0","-45.862696630706886","170.5165967807616","1754452410137"
"13.87","37427597","-45.862702947","170.516603897","0.0","-45.86269675237922","170.51659677697867","1754452410306"
"13.87","37427597","-45.862702947","170.516603897","0.0","-45.86269690054489","170.51659679041876","1754452410527"
"13.87","37427597","-45.862702947","170.516603897","0.0","-45.86269704561788","170.51659680611016","1754452410739"
"13.87","37427597","-45.862702947","170.516603897","0.0","-45.86269719120061","170.5165968164224","1754452410908"
"13.87","37427597","-45.862702947","170.516603897","0.0","-45.86269732661006","170.51659682087575","1754452411114"
"13.87","37427597","-45.862702947","170.516603897","0.0","-45.862697432142234","170.51659682161696","1754452411337"
"13.87","37427597","-45.862702947","170.516603897","0.0","-45.86269753093648","170.51659681926418","1754452411508"
"13.87","37427597","-45.862702947","170.516603897","0.0","-45.86269762456485","170.51659681386968","1754452411718"
"13.87","37427597","-45.862702947","170.516603897","0.0","-45.862697722849354","170.51659680608861","1754452411942"
"13.87","37427597","-45.862702947","170.516603897","0.0","-45.8626978191806","170.51659681987007","1754452412114"
"13.87","37427597","-45.862702947","170.516603897","0.0","-45.86269793733191","170.5165968392705","1754452412329"
"13.87","37427597","-45.862702947","170.516603897","0.0","-45.86269806169855","170.51659685475275","1754452412500"
"13.87","37427597","-45.862702947","170.516603897","0.0","-45.862698178539105","170.51659688602786","1754452412720"
"13.87","37427597","-45.862702947","170.516603897","0.0","-45.86269829688745","170.51659692092898","1754452412932"
"13.87","37427597","-45.862702947","170.516603897","0.0","-45.862698386583574","170.51659694649896","1754452413099"
"13.87","37427597","-45.862702947","170.516603897","0.0","-45.86269848543779","170.51659696393108","1754452413318"
"13.87","37427597","-45.862702947","170.516603897","0.0","-45.8626985760763","170.51659699784193","1754452413539"
"13.87","37427597","-45.862702947","170.516603897","0.0","-45.862698653380306","170.51659703186036","1754452413709"
"13.87","37427597","-45.862702947","170.516603897","0.0","-45.86269873458657","170.5165970580147","1754452413920"
"13.87","37427597","-45.862702947","170.516603897","0.0","-45.862698840568505","170.51659709834416","1754452414150"
"13.87","37427597","-45.862702947","170.516603897","0.0","-45.86269894942465","170.5165971357703","1754452414310"
"13.87","37427597","-45.862702947","170.516603897","0.0","-45.862699058867626","170.51659718444677","1754452414530"
"13.87","37427597","-45.862702947","170.516603897","0.0","-45.86269916911163","170.51659723249273","1754452414700"
"13.87","37427597","-45.862702947","170.516603897","0.0","-45.86269927208655","170.51659726674802","1754452414920"
"13.87","37427597","-45.862702947","170.516603897","0.0","-45.86269937845828","170.51659731397592","1754452415147"
"13.87","37427597","-45.862702947","170.516603897","0.0","-45.86269945713301","170.51659737805463","1754452415320"
"13.87","37427597","-45.862702947","170.516603897","0.0","-45.86269953180268","170.5165974619951","1754452415541"
"13.87","37427597","-45.862702947","170.516603897","0.0","-45.86269958539762","170.5165975546517","1754452415710"
"13.87","37427597","-45.862702947","170.516603897","0.0","-45.86269963960938","170.5165976412987","1754452415931"
"13.87","37427597","-45.862702947","170.516603897","0.0","-45.86269970056333","170.51659770663224","1754452416145"
"13.87","37427597","-45.862702947","170.516603897","0.0","-45.86269974641374","170.5165977751305","1754452416321"
"13.87","37427597","-45.862702947","170.516603897","0.0","-45.86269979495844","170.51659783909847","1754452416547"
"13.87","37427597","-45.862702947","170.516603897","0.0","-45.862699831188145","170.51659788297093","1754452416712"
"13.87","37427597","-45.862702947","170.516603897","0.0","-45.86269989404396","170.51659793593163","1754452416933"
"13.87","37427597","-45.862702947","170.516603897","0.0","-45.862699953293095","170.51659798180933","1754452417154"
"13.87","37427597","-45.862702947","170.516603897","0.0","-45.86270001215673","170.51659803290315","1754452417322"
"13.87","37427597","-45.862702947","170.516603897","0.0","-45.86270008449189","170.5165980797066","1754452417541"
"13.87","37427597","-45.862702947","170.516603897","0.0","-45.86270016134614","170.51659813040678","1754452417712"
"13.87","37427597","-45.862702947","170.516603897","0.0","-45.86270024929461","170.5165981769519","1754452417931"
"13.87","37427597","-45.862702947","170.516603897","0.0","-45.862700319115376","170.51659822834404","1754452418152"
"13.87","37427597","-45.862702947","170.516603897","0.0","-45.86270038798093","170.5165982939359","1754452418322"
"13.87","37427597","-45.862702947","170.516603897","0.0","-45.862700443820415","170.51659837201137","1754452418552"
"13.87","37427597","-45.862702947","170.516603897","0.0","-45.86270049928295","170.5165984375356","1754452418712"
"13.87","37427597","-45.862702947","170.516603897","0.0","-45.86270056671782","170.51659850695347","1754452418933"
"13.87","37427597","-45.862702947","170.516603897","0.0","-45.86270064495562","170.51659856890697","1754452419153"
"13.87","37427597","-45.862702947","170.516603897","0.0","-45.86270070606379","170.51659861019294","1754452419322"
"13.87","37427597","-45.862702947","170.516603897","0.0","-45.86270077065872","170.51659866001964","1754452419552"
"13.87","37427597","-45.862702947","170.516603897","0.0","-45.86270082212476","170.51659870167467","1754452419712"
"13.87","37427597","-45.862702947","170.516603897","0.0","-45.86270087472165","170.5165987282288","1754452419933"
"13.87","37427597","-45.862702947","170.516603897","0.0","-45.86270094228074","170.51659876607013","1754452420152"
"13.87","37427597","-45.862702947","170.516603897","0.0","-45.862701016680546","170.51659879848626","1754452420323"
"13.87","37427597","-45.862702947","170.516603897","0.0","-45.86270110122793","170.51659881856946","1754452420544"
"13.87","37427597","-45.862702947","170.516603897","0.0","-45.86270119543028","170.51659882773455","1754452420703"
"13.87","37427597","-45.862702947","170.516603897","0.0","-45.86270129085771","170.51659882817435","1754452420924"
"13.87","37427597","-45.862702947","170.516603897","0.0","-45.86270139551604","170.5165988436228","1754452421142"
"13.87","37427597","-45.862702947","170.516603897","0.0","-45.862701501313786","170.51659886023987","1754452421313"
"13.87","37427597","-45.862702947","170.516603897","0.0","-45.8627016095831","170.51659886881447","1754452421534"
"13.87","37427597","-45.862702947","170.516603897","0.0","-45.86270171665303","170.51659887104117","1754452421703"
"13.87","37427597","-45.862702947","170.516603897","0.0","-45.862701830315245","170.51659886777801","1754452421916"
"13.87","37427597","-45.862702947","170.516603897","0.0","-45.86270194151017","170.51659886045826","1754452422133"
"13.87","37427597","-45.862702947","170.516603897","0.0","-45.862702050126444","170.5165988507088","1754452422305"
"13.87","37427597","-45.862702947","170.516603897","0.0","-45.862702163998556","170.516598838705","1754452422525"
"13.87","37427597","-45.862702947","170.516603897","0.0","-45.8627022713769","170.51659882584005","1754452422743"
"13.87","37427597","-45.862702947","170.516603897","0.0","-45.86270236192973","170.51659881147114","1754452422903"
"13.87","37427597","-45.862702947","170.516603897","0.0","-45.86270244254916","170.51659879708382","1754452423123"
"13.87","37427597","-45.862702947","170.516603897","0.0","-45.862702503460284","170.5165988039884","1754452423314"
"13.87","37427597","-45.862702947","170.516603897","0.0","-45.86270256428574","170.51659881837878","1754452423524"
"13.87","37427597","-45.862702947","170.516603897","0.0","-45.862702629844435","170.51659880862323","1754452423734"
"13.87","37427597","-45.862702947","170.516603897","0.0","-45.862702705940514","170.51659879005007","1754452423904"
"13.87","37427597","-45.862702947","170.516603897","0.0","-45.862702764838396","170.51659877433715","1754452424122"
"13.87","37427597","-45.862702947","170.516603897","0.0","-45.86270282305093","170.51659876071562","1754452424344"
"13.87","37427597","-45.862702947","170.516603897","0.0","-45.86270286814315","170.5165987494592","1754452424516"
"13.87","37427597","-45.862702947","170.516603897","0.0","-45.862702917488875","170.5165987172338","1754452424734"
"13.87","37427597","-45.862702947","170.516603897","0.0","-45.86270297703357","170.51659865933993","1754452424915"
"13.87","37427597","-45.862702947","170.516603897","0.0","-45.86270304651594","170.5165985810338","1754452425124"
"13.87","37427597","-45.862702947","170.516603897","0.0","-45.862703124303984","170.51659850756855","1754452425344"
"13.87","37427597","-45.862702947","170.516603897","0.0","-45.86270320930114","170.51659842671586","1754452425515"
"13.87","37427597","-45.862702947","170.516603897","0.0","-45.862703278312324","170.51659833189106","1754452425734"
"13.87","37427597","-45.862702947","170.516603897","0.0","-45.86270334401667","170.51659824887935","1754452425908"
"13.87","37427597","-45.862702947","170.516603897","0.0","-45.86270339982617","170.5165981598673","1754452426123"
"13.87","37427597","-45.862702947","170.516603897","0.0","-45.8627034539651","170.51659808567007","1754452426348"
"13.87","37427597","-45.862702947","170.516603897","0.0","-45.862703519755115","170.51659802793617","1754452426517"
"13.87","37427597","-45.862702947","170.516603897","0.0","-45.862703595979696","170.5165979649001","1754452426735"
"13.87","37427597","-45.862702947","170.516603897","0.0","-45.862703655335906","170.5165979126406","1754452426906"
"13.87","37427597","-45.862702947","170.516603897","0.0","-45.862703717934735","170.5165978530491","1754452427114"
"13.87","37427597","-45.862702947","170.516603897","0.0","-45.862703766775","170.5165977831084","1754452427347"
"13.87","37427597","-45.862702947","170.516603897","0.0","-45.862703799552214","170.51659771971862","1754452427505"
"13.87","37427597","-45.862702947","170.516603897","0.0","-45.862703836437284","170.51659765717764","1754452427726"
"13.87","37427597","-45.862702947","170.516603897","0.0","-45.86270386923162","170.51659760116914","1754452427945"
"13.87","37427597","-45.862702947","170.516603897","0.0","-45.862703908519734","170.51659754200205","1754452428113"
"13.87","37427597","-45.862702947","170.516603897","0.0","-45.862703941840934","170.51659745144914","1754452428336"
"13.87","37427597","-45.862702947","170.516603897","0.0","-45.8627039851855","170.51659733932442","1754452428561"
"13.87","37427597","-45.862702947","170.516603897","0.0","-45.862704021201026","170.51659722820852","1754452428716"
"13.87","37427597","-45.862702947","170.516603897","0.0","-45.862704044905826","170.51659712981916","1754452428936"
"13.87","37427597","-45.862702947","170.516603897","0.0","-45.86270407763591","170.51659703816216","1754452429156"
"13.87","37427597","-45.862702947","170.516603897","0.0","-45.862704126844555","170.5165969430728","1754452429318"
"13.87","37427597","-45.862702947","170.516603897","0.0","-45.8627041733846","170.51659681642855","1754452429529"
"13.87","37427597","-45.862702947","170.516603897","0.0","-45.86270420428565","170.51659668654574","1754452429709"
"13.87","37427597","-45.862702947","170.516603897","0.0","-45.86270424613955","170.516596552065","1754452429921"
"13.87","37427597","-45.862702947","170.516603897","0.0","-45.862704282819024","170.5165964237138","1754452430137"
"13.87","37427597","-45.862702947","170.516603897","0.0","-45.862704328103995","170.51659631961317","1754452430308"
"13.87","37427597","-45.862702947","170.516603897","0.0","-45.862704368955576","170.516596223878","1754452430528"
"13.87","37427597","-45.862702947","170.516603897","0.0","-45.86270439668255","170.51659612641743","1754452430748"
"13.87","37427597","-45.862702947","170.516603897","0.0","-45.862704434557116","170.5165960277236","1754452430908"
"13.87","37427597","-45.862702947","170.516603897","0.0","-45.86270446912482","170.51659592740896","1754452431127"
"13.87","37427597","-45.862702947","170.516603897","0.0","-45.86270451310762","170.5165958255012","1754452431308"
"13.87","37427597","-45.862702947","170.516603897","0.0","-45.86270455274697","170.51659572299062","1754452431519"
"13.87","37427597","-45.862702947","170.516603897","0.0","-45.86270460061489","170.51659561983416","1754452431746"
"13.87","37427597","-45.862702947","170.516603897","0.0","-45.862704642584454","170.51659551654242","1754452431910"
"13.87","37427597","-45.862702947","170.516603897","0.0","-45.862704670504186","170.51659541297693","1754452432126"
"13.87","37427597","-45.862702947","170.516603897","0.0","-45.86270470855008","170.51659533140455","1754452432299"
"13.87","37427597","-45.862702947","170.516603897","0.0","-45.862704743203466","170.51659527779498","1754452432518"
"13.87","37427597","-45.862702947","170.516603897","0.0","-45.86270478780737","170.51659522612908","1754452432749"
"13.87","37427597","-45.862702947","170.516603897","0.0","-45.86270482845334","170.51659518824164","1754452432909"
"13.87","37427597","-45.862702947","170.516603897","0.0","-45.86270485696849","170.51659514951447","1754452433126"
"13.87","37427597","-45.862702947","170.516603897","0.0","-45.86270489530137","170.51659510075498","1754452433309"
"13.87","37427597","-45.862702947","170.516603897","0.0","-45.86270493324446","170.5165950605701","1754452433519"
"13.87","37427597","-45.862702947","170.516603897","0.0","-45.862704937266656","170.51659504089287","1754452433749"
"13.87","37427597","-45.862702947","170.516603897","0.0","-45.862704925182946","170.51659503573825","1754452433908"
"13.87","37427597","-45.862702947","170.516603897","0.0","-45.86270490923553","170.5165950430703","1754452434128"
"13.87","37427597","-45.862702947","170.516603897","0.0","-45.862704891193516","170.5165950590846","1754452434299"
"13.87","37427597","-45.862702947","170.516603897","0.0","-45.86270487039292","170.5165950616281","1754452434529"
"13.87","37427597","-45.862702947","170.516603897","0.0","-45.862704849566626","170.5165950624154","1754452434739"
"13.87","37427597","-45.862702947","170.516603897","0.0","-45.86270482767803","170.51659506993204","1754452434910"
"13.87","37427597","-45.862702947","170.516603897","0.0","-45.8627048072758","170.51659508306145","1754452435139"
"13.87","37427597","-45.862702947","170.516603897","0.0","-45.862704788822555","170.51659507839895","1754452435299"
"13.87","37427597","-45.862702947","170.516603897","0.0","-45.86270477101612","170.51659506942764","1754452435522"
"13.87","37427597","-45.862702947","170.516603897","0.0","-45.86270473375838","170.51659506726247","1754452435729"
"13.87","37427597","-45.862702947","170.516603897","0.0","-45.862704691964446","170.5165950697075","1754452435903"
"13.87","37427597","-45.862702947","170.516603897","0.0","-45.862704656313014","170.5165950758832","1754452436118"
"13.87","37427597","-45.862702947","170.516603897","0.0","-45.8627046051254","170.51659506339956","1754452436340"
"13.87","37427597","-45.862702947","170.516603897","0.0","-45.862704553740734","170.5165950253522","1754452436512"
"13.87","37427597","-45.862702947","170.516603897","0.0","-45.86270451180545","170.516594987314","1754452436738"
"13.87","37427597","-45.862702947","170.516603897","0.0","-45.86270447876265","170.51659493724122","1754452436901"
"13.87","37427597","-45.862702947","170.516603897","0.0","-45.86270445344299","170.51659486732515","1754452437118"
"13.87","37427597","-45.862702947","170.516603897","0.0","-45.86270443456996","170.51659478136094","1754452437337"
"13.87","37427597","-45.862702947","170.516603897","0.0","-45.86270442156959","170.5165946826394","1754452437503"
"13.87","37427597","-45.862702947","170.516603897","0.0","-45.86270441370512","170.51659459724112","1754452437720"
"13.87","37427597","-45.862702947","170.516603897","0.0","-45.86270440949445","170.51659450539955","1754452437938"
"13.87","37427597","-45.862702947","170.516603897","0.0","-45.86270440872771","170.51659442647525","1754452438110"
"13.87","37427597","-45.862702947","170.516603897","0.0","-45.8627044105996","170.51659434558258","1754452438350"
"13.87","37427597","-45.862702947","170.516603897","0.0","-45.8627044147203","170.51659427625702","1754452438502"
"13.87","37427597","-45.862702947","170.516603897","0.0","-45.862704419869054","170.51659420525527","1754452438721"
"13.87","37427597","-45.862702947","170.516603897","0.0","-45.862704426024415","170.51659414492562","1754452438941"
"13.87","37427597","-45.862702947","170.516603897","0.0","-45.86270443296794","170.51659408286136","1754452439120"
"13.87","37427597","-45.862702947","170.516603897","0.0","-45.8627044399543","170.5165940093377","1754452439331"
"13.87","37427597","-45.862702947","170.516603897","0.0","-45.86270444647804","170.51659394731342","1754452439506"
"13.87","37427597","-45.862702947","170.516603897","0.0","-45.86270445262484","170.516593883207","1754452439722"
"13.87","37427597","-45.862702947","170.516603897","0.0","-45.86270445859602","170.51659380820095","1754452439951"
"13.87","37427597","-45.862702947","170.516603897","0.0","-45.862704463753325","170.51659374537397","1754452440103"
"13.87","37427597","-45.862702947","170.516603897","0.0","-45.862704468452314","170.51659368203028","1754452440331"
"13.87","37427597","-45.862702947","170.516603897","0.0","-45.862704472573014","170.51659362494843","1754452440541"
"13.87","37427597","-45.862702947","170.516603897","0.0","-45.8627044757428","170.51659356555987","1754452440711"
"13.87","37427597","-45.862702947","170.516603897","0.0","-45.862704457615095","170.5165935148105","1754452440924"
"13.87","37427597","-45.862702947","170.516603897","0.0","-45.86270445518208","170.51659347984167","1754452441141"
"13.87","37427597","-45.862702947","170.516603897","0.0","-45.86270446311937","170.51659345838988","1754452441322"
"13.87","37427597","-45.862702947","170.516603897","0.0","-45.86270447073112","170.51659344864348","1754452441548"
"13.87","37427597","-45.862702947","170.516603897","0.0","-45.86270445591884","170.51659344876037","1754452441702"
"13.87","37427597","-45.862702947","170.516603897","0.0","-45.862704434578525","170.5165934566399","1754452441922"
"13.87","37427597","-45.862702947","170.516603897","0.0","-45.8627044174446","170.51659347046748","1754452442142"
"13.87","37427597","-45.862702947","170.516603897","0.0","-45.86270438280836","170.5165934884655","1754452442312"
"13.87","37427597","-45.862702947","170.516603897","0.0","-45.86270434608606","170.51659348746594","1754452442542"
"13.87","37427597","-45.862702947","170.516603897","0.0","-45.862704316221624","170.5165934608657","1754452442702"
"13.87","37427597","-45.862702947","170.516603897","0.0","-45.862704292970875","170.51659341177404","1754452442925"
"13.87","37427597","-45.862702947","170.516603897","0.0","-45.8627042537256","170.5165933662131","1754452443152"
"13.87","37427597","-45.862702947","170.516603897","0.0","-45.86270421325526","170.5165933111672","1754452443313"
"13.87","37427597","-45.862702947","170.516603897","0.0","-45.86270418168599","170.51659326015027","1754452443533"
"13.87","37427597","-45.862702947","170.516603897","0.0","-45.862704158499504","170.51659322277945","1754452443753"
"13.87","37427597","-45.862702947","170.516603897","0.0","-45.86270414220942","170.5165931754132","1754452443914"
"13.87","37427597","-45.862702947","170.516603897","0.0","-45.862704130858184","170.51659311119914","1754452444134"
"13.87","37427597","-45.862702947","170.516603897","0.0","-45.86270412382042","170.51659305375435","1754452444353"
"13.87","37427597","-45.862702947","170.516603897","0.0","-45.86270412073631","170.51659298842083","1754452444514"
"13.87","37427597","-45.862702947","170.516603897","0.0","-45.86270412101903","170.51659290786336","1754452444733"
"13.87","37427597","-45.862702947","170.516603897","0.0","-45.862704124171664","170.5165927936412","1754452444903"
"13.87","37427597","-45.862702947","170.516603897","0.0","-45.86270412943178","170.5165926857884","1754452445122"
"13.87","37427597","-45.862702947","170.516603897","0.0","-45.862704136272505","170.5165925603067","1754452445344"
"13.87","37427597","-45.862702947","170.516603897","0.0","-45.8627041226596","170.51659244522025","1754452445502"
"13.87","37427597","-45.862702947","170.516603897","0.0","-45.86270412517829","170.516592336737","1754452445725"
"13.87","37427597","-45.862702947","170.516603897","0.0","-45.8627041383757","170.51659220421843","1754452445943"
"13.87","37427597","-45.862702947","170.516603897","0.0","-45.86270415081065","170.51659208562282","1754452446103"
"13.87","37427597","-45.862702947","170.516603897","0.0","-45.862704161887734","170.51659195441442","1754452446333"
"13.87","37427597","-45.862702947","170.516603897","0.0","-45.862704171127206","170.51659181584634","1754452446548"
"13.87","37427597","-45.862702947","170.516603897","0.0","-45.86270415738579","170.51659168101807","1754452446713"
"13.87","37427597","-45.862702947","170.516603897","0.0","-45.86270413625965","170.5165915718428","1754452446936"
"13.87","37427597","-45.862702947","170.516603897","0.0","-45.86270413992204","170.51659147195568","1754452447144"
"13.87","37427597","-45.862702947","170.516603897","0.0","-45.86270415219421","170.5165913924347","1754452447325"
"13.87","37427597","-45.862702947","170.516603897","0.0","-45.86270418404191","170.51659131773923","1754452447545"
"13.87","37427597","-45.862702947","170.516603897","0.0","-45.86270424135918","170.51659123745554","1754452447714"
"13.87","37427597","-45.862702947","170.516603897","0.0","-45.86270429836378","170.51659115242012","1754452447936"
"13.87","37427597","-45.862702947","170.516603897","0.0","-45.862704366869515","170.5165910631805","1754452448105"
"13.87","37427597","-45.862702947","170.516603897","0.0","-45.86270443157152","170.5165909911546","1754452448324"
"13.87","37427597","-45.862702947","170.516603897","0.0","-45.86270446164157","170.51659092147224","1754452448545"
"13.87","37427597","-45.862702947","170.516603897","0.0","-45.86270445316884","170.5165908454051","1754452448714"
"13.87","37427597","-45.862702947","170.516603897","0.0","-45.862704433760385","170.51659076314382","1754452448936"
"13.87","37427597","-45.862702947","170.516603897","0.0","-45.86270439288311","170.51659069642628","1754452449154"
"13.87","37427597","-45.862702947","170.516603897","0.0","-45.862704346355926","170.51659065191413","1754452449325"
"13.87","37427597","-45.862702947","170.516603897","0.0","-45.862704304986046","170.51659062577517","1754452449544"
"13.87","37427597","-45.862702947","170.516603897","0.0","-45.86270424751884","170.51659059317146","1754452449714"
"13.87","37427597","-45.862702947","170.516603897","0.0","-45.86270418913925","170.5165905457498","1754452449937"
"13.87","37427597","-45.862702947","170.516603897","0.0","-45.86270413983637","170.51659048501728","1754452450110"
"13.87","37427597","-45.862702947","170.516603897","0.0","-45.862704098710644","170.51659041288679","1754452450329"
"13.87","37427597","-45.862702947","170.516603897","0.0","-45.86270406517954","170.5165903524772","1754452450549"
"13.87","37427597","-45.862702947","170.516603897","0.0","-45.86270403828356","170.51659028964406","1754452450718"
"13.87","37427597","-45.862702947","170.516603897","0.0","-45.86270399650675","170.51659023687407","1754452450929"
"13.87","37427597","-45.862702947","170.516603897","0.0","-45.86270395488415","170.5165901804442","1754452451147"
"13.87","37427597","-45.862702947","170.516603897","0.0","-45.862703900852296","170.51659013388067","1754452451330"
"13.87","37427597","-45.862702947","170.516603897","0.0","-45.86270384912496","170.5165901051644","1754452451546"
"13.87","37427597","-45.862702947","170.516603897","0.0","-45.86270380865033","170.5165900911707","1754452451705"
"13.87","37427597","-45.862702947","170.516603897","0.0","-45.8627037785503","170.51659006717233","1754452451926"
"13.87","37427597","-45.862702947","170.516603897","0.0","-45.862703757745415","170.51659002413945","1754452452146"
"13.87","37427597","-45.862702947","170.516603897","0.0","-45.862703744470906","170.51658998610438","1754452452315"
"13.87","37427597","-45.862702947","170.516603897","0.0","-45.86270371616137","170.51658993955618","1754452452536"
"13.87","37427597","-45.862702947","170.516603897","0.0","-45.8627036870808","170.51658989753827","1754452452753"
"13.87","37427597","-45.862702947","170.516603897","0.0","-45.86270366654579","170.5165898467428","1754452452915"
"13.87","37427597","-45.862702947","170.516603897","0.0","-45.86270365283865","170.51658980167085","1754452453134"
"13.87","37427597","-45.862702947","170.516603897","0.0","-45.86270366660575","170.51658977075863","1754452453304"
"13.87","37427597","-45.862702947","170.516603897","0.0","-45.8627036903748","170.51658973059835","1754452453524"
"13.87","37427597","-45.862702947","170.516603897","0.0","-45.86270369178835","170.51658969421175","1754452453745"
"13.87","37427597","-45.862702947","170.516603897","0.0","-45.86270368585573","170.5165896482233","1754452453914"
